Area,year,N,%
Education,2023,10,70.97415292213662
Entertainment,2023,8,12.761883679325356
Industry,2023,7,5.950017171603714
Medicine,2023,24,10.395184088145955
