Area,year,N,%
Education,2019,8,64.87025948103792
Education,2020,10,69.36127744510978
Education,2021,10,71.01303911735205
Entertainment,2019,10,16.966067864271455
Entertainment,2020,7,13.273453093812375
Entertainment,2021,8,12.738214643931794
Industry,2019,4,7.0858283433133735
Industry,2020,5,6.886227544910179
Industry,2021,7,5.917753259779339
Medicine,2019,19,11.077844311377245
Medicine,2020,23,10.479041916167665
Medicine,2021,24,10.330992978936811
